id,name,email,phone
414141,Mayank Patil,mp2387@keepmeupdated.com,55487xx1
71800,Leora Hansen,leora.hansen@leonie.net,662.603.0992
90372,Brant Abbott,brant.abbott@reagan.com,798-601-1845 x74450
72753,Lulu Homenick,lulu47@jaylen.info,1-553-666-9622 x265
89750,Opal Christiansen,opal_christiansen@daphney.org,581.296.1543 x74120
18650,Albert Considine,albert76@osbaldo.com,353.757.3449 x084
66121,Gerry Halvorson,gerry.halvorson39@destinee.org,1-663-609-0119
38755,Liam Hammes,liam33@edyth.com,418-904-6124
97916,Jeromy Bayer,jeromy_bayer4@katrine.com,855.882.5173
77378,Haskell Rau,haskell.rau@angel.biz,245-357-9702
13245,Emery Russel,emery.russel@chyna.name,387.476.9047 x566
62463,Verna Kautzer,verna61@anita.org,(566) 739-3218
17387,Ashley Kunde,ashley.kunde64@ashley.info,(254) 834-0085 x09883
11503,Austyn Romaguera,austyn.romaguera1@joshuah.info,1-415-956-1176
41644,Javonte Emard,javonte.emard40@leatha.biz,1-540-205-7896 x52167
30073,Christy Gutmann,christy36@daniela.biz,1-937-807-3291 x5795
55938,Elvis Hahn,elvis_hahn80@kirstin.biz,542-958-0401
32174,Grayce Jacobs,grayce_jacobs@rowland.info,838.265.9502
77155,Drew Luettgen,drew_luettgen77@adam.name,815.559.0659
76331,Kirsten Dibbert,kirsten97@bridie.name,1-548-920-1395 x2831
23210,Gerson Kunde,gerson53@genoveva.biz,837-299-4484 x31401
21044,Laury Stehr,laury_stehr@geovany.biz,877.902.8814 x9846
63466,Prince Kub,prince_kub@walker.com,839.209.5850 x8424
6318,Janae Homenick,janae_homenick@grover.name,1-849-917-6803
50572,Jesse Schumm,jesse42@zachariah.org,894-356-6470
11520,Eric Towne,eric.towne@porter.info,1-475-583-4398
58546,Elsa Kiehn,elsa.kiehn@allen.com,(392) 948-8748 x5364
66623,Amparo Bailey,amparo.bailey@elliot.com,592-365-4621 x6216
95286,Stephon Gleichner,stephon.gleichner65@bradley.com,274-688-0514 x60709
44643,Karine White,karine.white99@jedediah.com,1-885-923-5712 x1318
30957,Mckayla Predovic,mckayla_predovic52@mollie.biz,584-205-4211
18746,Elfrieda Upton,elfrieda60@shayna.info,(553) 313-2212 x40902
38188,Colten Parker,colten60@alivia.name,(883) 954-8044 x6220
62897,Tracy Mohr,tracy_mohr@myrtis.name,313.775.6607 x83307
22306,Blanca Lesch,blanca_lesch56@precious.com,200.296.6815 x481
28420,Josue Murazik,josue90@ariel.biz,396.591.6113
25587,Marlon Runolfsson,marlon50@joyce.info,1-744-943-1145
26472,Waldo Luettgen,waldo3@haleigh.biz,(878) 794-5065 x3544
84136,Katlyn Medhurst,katlyn51@miracle.name,638.983.9026
29377,Lynn Bednar,lynn.bednar@precious.net,(955) 382-7441 x710
64337,Helena Hoeger,helena.hoeger@chelsie.biz,1-659-265-7072 x70457
63053,Cindy Hoppe,cindy_hoppe88@gladyce.biz,936-570-1062
20892,Dallas Rowe,dallas21@lonzo.com,247-397-3913 x75652
27147,Danial Mosciski,danial_mosciski@rudy.name,342-690-4798 x57953
76574,Betty Stracke,betty_stracke@jadon.info,1-387-549-1701
76464,Josiah Corwin,josiah.corwin@jo.name,929.613.0116 x39754
55852,Lloyd Huels,lloyd_huels@dan.biz,563.546.9970 x9122
29074,Nicklaus Mayer,nicklaus.mayer21@jody.biz,1-979-277-6974 x3170
94169,Jaime Schmidt,jaime.schmidt83@jaqueline.net,(454) 334-9856
91530,Jerrold Sauer,jerrold_sauer77@brenden.net,604-231-9770
34499,Stanford Thiel,stanford93@lee.org,366.433.0650
56443,Deven Corkery,deven45@providenci.com,1-394-494-4314 x9437
48679,Colt Roob,colt.roob@neva.biz,(523) 649-1143 x64755
23825,Raphael Macejkovic,raphael.macejkovic@davin.biz,512.253.5847
89549,Damion Thompson,damion_thompson8@jermaine.net,299.645.4288 x63573
60343,Darron Hettinger,darron_hettinger@max.name,1-908-641-5173 x82497
44382,Addison Schmidt,addison_schmidt@tatum.com,(580) 704-6998
83062,Colton Mayert,colton.mayert@albert.info,943-550-2477 x5765
47500,Rosalia King,rosalia_king12@marta.com,(253) 372-2780 x6208
14618,Zola Kiehn,zola96@nathanial.biz,1-725-404-0751 x682
72804,Douglas Connelly,douglas.connelly@alexandrea.info,(944) 549-0637 x80595
9667,Patience Goodwin,patience97@maeve.name,592.801.2579
87447,Fabiola Fisher,fabiola_fisher@yoshiko.info,(392) 984-3111
51425,Lon McCullough,lon_mccullough@elijah.biz,411.691.1016 x9488
10467,Montana Stoltenberg,montana.stoltenberg@jeramy.biz,217-397-3493
16754,Rosemarie Sporer,rosemarie97@dortha.info,1-881-879-8759
87875,Wyatt Spinka,wyatt.spinka@fredy.name,311-754-0624
10580,Arlie Feeney,arlie.feeney@karine.com,(328) 319-5359 x69208
43830,Margarette Hayes,margarette_hayes@norwood.com,1-506-588-1844 x946
98441,Andres Armstrong,andres.armstrong@ilene.net,504-801-8920
65447,Marie Braun,marie58@enos.org,277.479.8698
67488,Gertrude Bahringer,gertrude_bahringer@meagan.net,945.219.1959
6138,Alvina Herzog,alvina_herzog@orrin.info,763.370.9349
81796,Erick Moen,erick82@moshe.net,(694) 249-2105 x891
11536,Sibyl Zieme,sibyl69@tatyana.org,505-365-4145 x4908
68368,Finn Lebsack,finn_lebsack@eulalia.com,317-489-4742 x80093
78335,Caterina Koepp,caterina52@afton.biz,739-241-7766 x31731
16586,Sidney Mraz,sidney_mraz52@roger.org,1-888-350-1698 x423
12747,Peggie Hirthe,peggie.hirthe73@katarina.org,815-727-8161
32612,Harvey Kerluke,harvey36@adell.info,1-603-725-8999 x9024
60497,Anya Bogisich,anya_bogisich75@retha.name,(264) 518-6620 x6377
54580,Dayton Franecki,dayton.franecki@leann.info,(474) 559-8363
50951,Blaise Goyette,blaise96@carissa.com,1-851-438-6323 x01018
53753,Stanley Kilback,stanley.kilback@michelle.net,326.416.1915 x55849
82726,Cleveland Bernier,cleveland44@zetta.name,758-942-6339 x4373
6483,Henry Block,henry_block14@maya.net,652-808-5060 x4137
25700,Sage Hills,sage65@jermey.com,558-612-5623 x48287
64636,Maybell Kuhlman,maybell_kuhlman@mable.com,964-415-7293 x700
80272,Nikolas Howell,nikolas.howell@marta.net,1-334-320-2620
99885,Kareem Senger,kareem65@hans.info,799.428.7772 x81263
86260,Magdalen Hyatt,magdalen37@nettie.name,780.869.5740
51603,Milan Schowalter,milan.schowalter@gregorio.info,256-538-7433 x25498
8756,Camille Cartwright,camille.cartwright2@amari.com,(818) 804-1017
93110,Joyce Murray,joyce.murray51@erika.org,(341) 520-0299 x11626
17814,Sammie Spinka,sammie_spinka@wilson.org,1-984-402-3516 x6366
70104,Axel Roob,axel65@vicenta.name,201-862-7166
47428,Delaney O'Reilly,delaney88@dessie.com,584-283-4079 x8824
30379,Kacie Haley,kacie.haley@santiago.name,1-472-671-2122 x004
99163,Autumn Altenwerth,autumn_altenwerth@enola.biz,1-979-454-2171 x500
90423,Joey Toy,joey_toy2@carmelo.name,1-474-287-3279
89603,Rylee Christiansen,rylee64@stella.biz,1-881-227-9574 x612
66232,Kylie Halvorson,kylie.halvorson52@maryjane.info,1-596-644-6956 x025
34686,Orville Hills,orville.hills@axel.info,381.468.0498 x8927
31701,Isaiah Rolfson,isaiah93@aracely.net,294-493-7185
23311,Carrie Connelly,carrie_connelly@brando.org,1-257-413-9319
19122,Hank Medhurst,hank.medhurst42@elmo.name,(601) 239-7842 x8334
27898,Paxton Hilll,paxton.hilll65@beryl.com,451.939.8981 x4645
43257,Cathryn Grant,cathryn_grant@ransom.info,838-738-4334
90763,Keaton Haley,keaton_haley16@dahlia.net,1-686-566-6342
41469,Baby Nitzsche,baby.nitzsche@laurel.net,549-881-0143
64407,Brooklyn Lueilwitz,brooklyn.lueilwitz72@barrett.name,1-375-438-1647 x10733
17369,Burley Treutel,burley.treutel54@annabelle.name,704-564-5514
13902,Germaine Wiza,germaine66@abner.name,(309) 526-5840
1046,Jovany Schoen,jovany_schoen@kurtis.net,(529) 894-7911
23121,Lafayette Lindgren,lafayette_lindgren@telly.info,910-752-6384 x8472
1905,Carlo Weimann,carlo80@juston.net,1-627-237-8919 x066
74325,Connor O'Conner,connor68@marisol.net,505.467.0350 x7440
98414,Daniela Douglas,daniela6@faye.info,563.877.0661
34870,Edward Lakin,edward_lakin@jalyn.org,(421) 717-0417
52090,Kane Walker,kane_walker@lelia.net,684.356.3069 x9599
66496,Maci Bergnaum,maci_bergnaum84@eliane.org,(242) 869-1828 x249
55444,Emmanuelle Russel,emmanuelle.russel@emmet.com,1-427-292-2331 x334
60951,Abbey Blick,abbey99@cecil.biz,1-886-779-1440 x62167
18160,Joannie Herman,joannie76@zora.com,(606) 683-3316 x41971
40792,Wilber Hyatt,wilber.hyatt@raoul.name,(425) 790-0535
51177,Shayne Bergnaum,shayne_bergnaum46@mitchel.net,(818) 437-7123
17481,Teagan Schmidt,teagan.schmidt94@alda.name,1-283-365-2374
26823,Shane Schowalter,shane.schowalter@millie.net,774.233.7424 x956
57134,Telly Jacobson,telly.jacobson90@genevieve.info,1-305-883-0254 x1450
96316,Isabell Fritsch,isabell36@fannie.info,(346) 517-0370
4632,Dawn Lehner,dawn_lehner@zack.info,661-716-0298
77540,Keshaun Klein,keshaun.klein@anne.org,1-589-589-5921 x30817
75765,Sydni Dickinson,sydni6@demarco.name,1-888-467-7685 x81231
67846,Clara Cummerata,clara.cummerata94@trinity.com,1-544-226-7591
96501,Raleigh Schamberger,raleigh.schamberger@zoila.com,877.761.6002 x85716
66317,Alec Fahey,alec.fahey@cortez.name,453.710.8027
26975,Michelle Wehner,michelle.wehner@alvera.info,759-236-5077 x3471
26530,Dameon Trantow,dameon_trantow@leone.info,1-370-799-8285 x098
33556,Laverna Toy,laverna_toy65@bryon.com,1-396-908-5081
10822,Lionel Green,lionel.green@ernesto.info,984-341-8696 x124
97050,Scottie Swift,scottie_swift35@stephania.org,452.276.2977 x9840
76764,Dagmar Nienow,dagmar_nienow60@cesar.name,627-597-5903 x88053
49106,Domenick Marquardt,domenick_marquardt39@ava.com,1-878-311-8128 x77234
24683,Kaleigh Hodkiewicz,kaleigh92@tiara.org,456.864.1507 x74613
84498,Angelica Windler,angelica_windler77@julien.com,536-888-0074 x3915
96824,Brandon Lockman,brandon_lockman63@tierra.biz,674-842-4290 x950
94424,Ruth Olson,ruth.olson76@alejandra.biz,1-836-384-3451 x61588
59578,Hollie Weimann,hollie80@cristian.name,(475) 333-4906 x377
25171,Melyna Gerlach,melyna27@marcos.biz,487-946-7971 x3056
81581,Cara Doyle,cara_doyle@austyn.info,(888) 376-8115 x60099
35491,Nat Baumbach,nat67@joel.info,807-527-6520
32676,Tressie Cronin,tressie6@emilie.net,870.484.7107 x11007
79981,Lester Russel,lester87@jensen.biz,(434) 726-3519 x775
17157,Marlene Kunze,marlene24@arden.biz,894-321-7667 x211
30739,Geraldine Jenkins,geraldine58@jacinthe.com,358.821.6277
41456,Alysha Conroy,alysha_conroy79@ashly.net,885.883.8953 x411
37331,Alexanne Altenwerth,alexanne.altenwerth@ross.biz,926-659-0524
53492,Princess Schuppe,princess.schuppe48@brittany.name,425-558-2865
38817,Anya Hermiston,anya.hermiston@michelle.biz,(880) 421-4696 x51302
11381,Henri Wilderman,henri_wilderman@loyce.biz,1-800-877-6746 x62526
14102,Cary Durgan,cary.durgan@ada.com,412.255.1863
58684,Paris Kshlerin,paris_kshlerin12@karina.name,224-683-6006
29546,Jacey Ritchie,jacey_ritchie@daisha.org,(389) 763-8618 x1133
46191,Judah Koss,judah9@jodie.name,1-457-363-7446
30941,Lindsey Stanton,lindsey78@anjali.net,1-903-331-9689
98620,Jaylen Waters,jaylen.waters77@ellsworth.name,(943) 317-1464 x87597
58884,Andy Mertz,andy.mertz92@monique.biz,(844) 616-8534 x4639
16311,Cecilia Russel,cecilia.russel99@heather.biz,1-620-912-6923
34651,Edgardo O'Keefe,edgardo26@emma.info,(407) 999-5927 x2919
3181,Kristina Hartmann,kristina96@olga.name,819-580-4416
1897,Mina Fay,mina_fay@vada.info,695.525.8317 x2055
47866,Madilyn Pagac,madilyn.pagac@gus.org,1-323-624-2480 x0660
92658,Rey Stroman,rey5@tabitha.name,1-929-887-9129 x23146
10846,Nyasia Kozey,nyasia_kozey@hardy.org,1-922-798-0150 x482
35225,Julio Leffler,julio_leffler@adah.info,829-475-3429 x12045
96466,Nathen Keeling,nathen.keeling58@nayeli.info,211.886.0453 x18638
20587,Eldridge Stokes,eldridge.stokes@watson.net,(749) 878-1733 x0647
93860,Alivia Bosco,alivia.bosco33@natalie.info,977-498-2604 x2492
66160,Eva Wuckert,eva.wuckert@ron.name,1-392-465-2419 x1769
73697,Merl Becker,merl94@beryl.com,780-314-1812
74733,Tate Hegmann,tate.hegmann37@arden.biz,887.254.2039 x34584
30032,Enola Langworth,enola_langworth@else.name,770.614.9071
7690,Roma Howell,roma8@zola.net,445.214.7898
52292,Vickie Lubowitz,vickie80@daija.net,410-339-2237
78523,Reggie Becker,reggie_becker53@renee.biz,(428) 869-5829
37532,Christ Kiehn,christ13@ahmed.org,956.412.7020 x80867
76339,Marisa Hamill,marisa_hamill84@nicole.biz,1-561-782-4438 x1042
43652,Ed Kassulke,ed.kassulke72@madisyn.info,(629) 408-1356
87967,Emil Jacobs,emil_jacobs@hester.org,496-856-8986
14633,Erick Runolfsdottir,erick31@ezequiel.net,(499) 838-1943
76656,Katelyn Lebsack,katelyn79@roberto.net,509.573.2534
21255,Eleazar Halvorson,eleazar5@jalon.org,801.390.3899 x160
95580,Onie Johnston,onie.johnston71@mariah.biz,803.216.1173 x00623
33202,Luna Herzog,luna.herzog46@kayden.name,539.815.9957
66567,Demetris Welch,demetris.welch@max.info,844.249.2649
43466,Rubye Weber,rubye.weber10@morgan.name,1-814-535-8981 x432
35122,Ivy Dicki,ivy_dicki@irving.net,822-624-1887
67481,Elbert Greenholt,elbert_greenholt91@benton.info,(695) 552-2683 x3645
64635,Addie Stehr,addie_stehr23@kadin.name,856.855.4877 x5820
26934,Daphne Koelpin,daphne.koelpin61@dion.com,756-706-5197 x53961
58291,Jessyca Heidenreich,jessyca24@tremaine.com,(735) 708-7786
75528,Taylor Conn,taylor6@linnie.net,1-957-532-3841
84429,Sebastian Beahan,sebastian.beahan@jakayla.org,940-277-4682 x7759
26860,Wilburn Collier,wilburn.collier@trenton.biz,(446) 390-8584
26445,Turner Pfeffer,turner_pfeffer27@emil.name,(373) 744-5105 x33941
90843,Maryam Weissnat,maryam_weissnat@barrett.info,(872) 440-0680
38946,Brandyn Lind,brandyn_lind52@chance.com,231.584.7794 x636
78624,Marion Hermann,marion90@kay.org,(413) 559-1693 x92963
36811,Bell Stiedemann,bell5@krystina.com,1-600-682-9053
82767,Virgil Murphy,virgil_murphy16@gayle.info,845.256.5785 x1329
65787,Eli Zulauf,eli_zulauf41@madonna.info,557-490-4961 x9830
77685,Maximus Swaniawski,maximus_swaniawski1@joshua.org,302-229-7413
35690,Arlo Medhurst,arlo2@clarissa.net,852-527-9875 x3800
53964,Keara Medhurst,keara54@stefanie.info,756.957.1088
25314,Oceane Dach,oceane_dach54@flo.org,939.809.9474 x496
5843,Luciano Christiansen,luciano.christiansen0@ariane.net,935-380-3786
13022,Lawson Heidenreich,lawson_heidenreich91@sarina.com,(550) 389-2650
28821,Ayana Kuhn,ayana.kuhn19@stanton.net,989.489.8199 x2408
70857,Rusty Hammes,rusty34@vicky.name,(207) 889-6001 x46260
4674,Deshaun Macejkovic,deshaun.macejkovic@leta.org,1-834-247-8567 x9763
88548,Geo Wilderman,geo.wilderman56@maxwell.info,282-512-7451
91316,Stan Emmerich,stan.emmerich@ariane.com,611.768.6869 x227
78197,Stella Simonis,stella_simonis@jennings.biz,522-662-2997
49079,Ronaldo Murazik,ronaldo_murazik11@houston.net,(421) 324-2153 x923
71701,Sherman Rippin,sherman_rippin@jonathon.com,889.518.2493 x44573
41966,Pearl Romaguera,pearl.romaguera25@antoinette.biz,654.302.3473
49604,Kolby Ward,kolby.ward@lelia.biz,649-803-3136
49057,Tre Rempel,tre.rempel@kennith.org,1-540-425-0848
8311,Justice Carter,justice.carter@joyce.biz,399-650-3236 x53324
51946,Clement Schinner,clement12@nikita.org,1-479-450-1075 x72100
98728,Josh Blanda,josh.blanda@buck.biz,1-739-963-5002 x91916
48064,Destiney Barrows,destiney_barrows@lois.name,(474) 342-6962 x75980
43253,Aimee Walsh,aimee_walsh@wyman.org,637-764-1713 x599
38786,Blaise Koch,blaise_koch69@onie.info,374-798-6437 x38477
16720,Yesenia Stracke,yesenia20@gerda.biz,807-784-6151 x05055
20034,Enoch Gusikowski,enoch_gusikowski79@karolann.net,1-981-282-0503 x844
3450,Rowan Mosciski,rowan44@jadon.biz,838.482.0689 x8839
35705,Bridie Hauck,bridie62@lelia.org,(761) 781-3685 x1041
18334,Antwan Kassulke,antwan60@dell.org,785-232-7067 x736
78895,Jude Hudson,jude_hudson@reynold.org,1-383-480-3115
26915,Jannie Brown,jannie11@zella.name,305.644.4738
680,Jewel Rau,jewel54@mina.info,302-805-4344
30910,Arianna Lesch,arianna28@berry.com,629-564-8043
74623,Cristal Flatley,cristal.flatley67@kareem.name,1-838-990-8601 x831
93569,Lacey Buckridge,lacey.buckridge@tyreek.name,603.222.5918 x14131
83616,Leif Ullrich,leif41@enrique.com,1-373-566-2617
16557,Layla Kreiger,layla34@kamron.org,744.230.7626 x4650
8994,Deanna McLaughlin,deanna_mclaughlin91@ima.biz,880-602-8503
33617,Keagan Howe,keagan.howe@carmine.biz,598-631-9232
48120,Glenna Mills,glenna63@esta.org,892-492-3504 x97255
88765,Amari Simonis,amari.simonis@brooke.info,247-541-4792
43852,Diana Ritchie,diana.ritchie@troy.org,951-313-3939
74329,Lelia Cole,lelia27@alphonso.net,1-894-594-1357 x57957
22233,Raleigh Cremin,raleigh38@abigayle.com,937-225-3814 x263
4858,Hattie Mann,hattie72@noemi.biz,(861) 580-9563 x1653
28169,Rosalind Simonis,rosalind_simonis46@betsy.biz,1-808-932-7673 x653
31615,Johnnie Schiller,johnnie.schiller@alysa.org,1-220-833-2999
98581,Sanford Waelchi,sanford81@felicity.name,1-909-914-5939
87329,Mertie Botsford,mertie_botsford@maryse.name,1-604-379-1994 x182
75209,Margie Harber,margie13@robyn.biz,681.766.5566 x85109
79080,Jamil Hodkiewicz,jamil57@heber.net,350-792-5230 x586
67749,Earnestine Bartell,earnestine_bartell89@tyrique.com,1-415-230-2513 x9210
45907,Dee Ward,dee66@harley.biz,(513) 979-9424
93184,Elias Paucek,elias_paucek@kassandra.org,420-695-0814 x875
40401,Leanna Davis,leanna_davis22@jedidiah.net,988.749.8626 x127
54471,Vesta Maggio,vesta_maggio@faye.org,900.406.9362 x500
48543,Alvina Abbott,alvina.abbott37@jeffery.com,(314) 699-7751 x8502
63259,Adolphus Friesen,adolphus91@quentin.info,688.993.3487 x137
76316,Jennie Huel,jennie_huel@torey.biz,637-461-4723 x09475
75106,Lindsay Zemlak,lindsay_zemlak88@carmel.net,(357) 838-7649 x46207
43089,Felipe Wunsch,felipe51@fausto.info,(957) 800-9425 x330
79084,Chadd Kozey,chadd.kozey1@bryon.com,687.749.2525
86437,Haylie Davis,haylie_davis42@hector.org,468-368-3126 x55606
66808,Richard Boehm,richard66@jarvis.biz,701-310-4381
79366,Terrance Lowe,terrance.lowe@ted.info,961.764.4328 x64616
52479,Everett Wintheiser,everett.wintheiser@percy.info,376-830-1360
92315,Alessia Bartell,alessia71@geovanny.org,352-703-2691 x89452
166,Alvah Gutmann,alvah.gutmann@makayla.org,507-713-8062
31906,Micaela Emmerich,micaela_emmerich@enrique.biz,1-952-724-7870 x387
89268,Waldo Sawayn,waldo12@brody.info,946.593.6098
63557,Fermin McCullough,fermin72@reed.name,932-997-6579 x895
34652,Cleta Lynch,cleta74@hanna.net,463-716-6861 x6671
2856,Reta Simonis,reta_simonis51@kim.org,261.867.5941 x7017
80916,Raymundo Harris,raymundo.harris@clare.com,275.974.9595
59674,Jack Ebert,jack4@lue.org,303-709-9590 x45278
81819,Sadye Batz,sadye.batz31@mallie.biz,(655) 392-9952
87165,Hugh Volkman,hugh_volkman@enola.name,(619) 357-3255
54030,Luisa Turcotte,luisa_turcotte59@wilbert.net,840.702.6643
704,Mireya Cummerata,mireya.cummerata@ransom.info,987-718-7025 x2687
95863,Jackie Osinski,jackie.osinski@shaniya.info,301-889-2412
24770,Vidal Hirthe,vidal.hirthe@annabel.net,322.249.1123
83210,Mark Abernathy,mark_abernathy@ramona.name,725-476-5147 x204
17306,Dawson Hayes,dawson44@xzavier.net,862.212.3136 x509
53338,Zack Mayer,zack50@monte.biz,758-497-8163 x9989
18173,Warren Fahey,warren.fahey@candice.name,851-614-5970
38906,Garnet Treutel,garnet35@rodolfo.org,1-395-918-2182 x21865
14291,Evangeline Windler,evangeline.windler@chet.biz,529.405.6802 x47852
20780,Marisa Littel,marisa.littel85@dale.info,615-826-0007 x3757
9970,Lindsey Bahringer,lindsey_bahringer@solon.info,348-843-2775
41389,Theresia Beahan,theresia_beahan@camila.net,727-463-9205 x367
70092,Kurt Schowalter,kurt.schowalter45@schuyler.name,881.511.1491
30464,Harold Runolfsdottir,harold.runolfsdottir@daniella.name,1-780-767-1891 x91210
58721,Jaden Bernhard,jaden15@brayan.com,467.883.0524 x76327
91357,Otho Bosco,otho_bosco91@joel.name,250.656.3735 x6395
22904,Destin Zulauf,destin_zulauf@wyman.biz,1-498-831-6797 x929
3631,Montana Thompson,montana.thompson89@ahmed.net,1-240-660-7735 x2559
44527,Danika Spencer,danika.spencer85@laury.name,(335) 347-2698
78901,Pattie Kub,pattie32@levi.info,1-912-833-8575 x624
96100,Chelsea Mitchell,chelsea0@lessie.biz,775-826-5648
36015,Sheila Price,sheila.price@dagmar.biz,842.750.6967
51698,Stone Hartmann,stone_hartmann@jimmy.name,342-969-4509 x616
78163,Orin Bednar,orin78@gonzalo.biz,349-431-7221 x72212
78687,Raheem Beatty,raheem87@daphnee.net,947.683.2679 x4319
6069,Kacie Bashirian,kacie65@milton.com,(862) 239-3144 x5861
63092,Sabrina Friesen,sabrina39@justen.info,1-842-264-9383
39633,May Rowe,may_rowe18@edwin.net,720-718-0833
61605,Flossie Swaniawski,flossie.swaniawski@ned.com,642-648-5194 x4269
17734,Oswaldo Kassulke,oswaldo_kassulke42@rahsaan.com,1-898-642-7057 x1646
31052,Lelah Bauch,lelah_bauch1@emelie.name,(214) 944-2829 x54036
37530,Eli Doyle,eli34@jesse.info,1-500-521-8934 x70228
55314,Mariela Hoeger,mariela.hoeger45@katelyn.org,(256) 255-4109 x589
38494,Kendrick Bernhard,kendrick70@javon.com,1-853-859-3144
17844,Norwood Bailey,norwood.bailey68@rodolfo.net,860-438-3325 x616
79088,Rashad Lockman,rashad34@norbert.info,1-454-776-5728
13845,Jorge Stamm,jorge34@rachael.com,(356) 751-4412 x0026
63266,Carolanne Runolfsdottir,carolanne_runolfsdottir28@braulio.org,1-222-311-6430 x00601
94367,Neva Langworth,neva60@casey.org,665-922-5795
5184,Hettie Feeney,hettie69@fleta.net,(997) 840-1410
38016,Boris Schinner,boris68@nina.org,(871) 868-6181 x74037
56266,Jacquelyn Stiedemann,jacquelyn_stiedemann46@corrine.name,1-308-901-3449 x6255
72966,Billie Kulas,billie.kulas@lura.name,(542) 439-5469 x8902
27587,Gerson Dare,gerson_dare@pansy.info,(480) 890-5010 x34269
60151,Hannah Willms,hannah.willms@cordell.name,1-244-250-1575 x437
22341,Pat Hammes,pat53@emil.biz,628-216-7612 x0100
44653,Odell Zboncak,odell.zboncak1@shayna.com,1-424-938-8494
24521,Claudie Olson,claudie_olson43@freeda.name,1-303-517-6200 x468
43674,Earline Hyatt,earline73@krista.org,468-978-4914 x140
71047,Karlee Klein,karlee_klein85@stephanie.net,1-493-597-0823
7618,Otilia Hyatt,otilia.hyatt@anissa.net,347-298-6568 x68374
80008,Dianna Johnson,dianna73@susanna.info,277.843.0168 x643
47539,Alexandre Grady,alexandre_grady@cristobal.com,1-645-246-8739 x5933
90534,Sophie Okuneva,sophie_okuneva@bobbie.org,(907) 638-9360 x81881
43376,Fausto Reichert,fausto_reichert@frida.net,(642) 471-2570 x41848
68538,Ashton Erdman,ashton.erdman@patience.biz,679.939.5720 x541
34735,Syble Terry,syble13@macie.info,1-213-340-5259 x764
17313,Sterling Pagac,sterling_pagac82@providenci.info,239-337-9929 x2731
61101,Enid Jerde,enid.jerde@ervin.name,(588) 634-9658 x085
94294,Elliot Gleason,elliot.gleason12@terrill.biz,251-491-9006 x47379
75114,Alivia Mraz,alivia.mraz@annamae.name,306-972-7705 x3275
91319,Earnestine Blanda,earnestine_blanda10@karelle.info,332-436-0157 x321
23887,Syble Homenick,syble.homenick@ezra.info,248-384-7075
50371,Wava Nikolaus,wava_nikolaus@bernita.biz,253.533.1728
75655,Lavinia Bergnaum,lavinia.bergnaum@freddie.info,(682) 651-0687
1889,Ara Bode,ara_bode@ethel.com,582-583-3256
60382,Kaci Waelchi,kaci.waelchi@robin.com,300.454.3194
69728,Shayna Medhurst,shayna.medhurst49@mathias.name,356-380-1072 x908
86022,Quinten Hoeger,quinten65@zion.name,1-718-559-9578
51343,Milford Wolf,milford29@august.com,904.333.7843
67370,Trevor Smith,trevor.smith78@urban.com,1-515-654-4379 x830
32654,Orland Zulauf,orland.zulauf@hudson.org,1-531-894-4962 x0433
51041,Jewel Hansen,jewel_hansen@stanley.com,(252) 887-8089 x71635
81800,Leann Hammes,leann.hammes27@stanford.net,1-686-549-5521 x061
82294,Bethel Rolfson,bethel.rolfson@juliet.info,450.659.6013 x29123
55346,Viva Homenick,viva.homenick73@ed.info,778.400.9553 x492
45294,Gino Heidenreich,gino67@max.info,1-852-509-2057
62423,Berry Bechtelar,berry_bechtelar@jewel.info,(601) 914-0617 x1218
16607,Hugh Bergnaum,hugh87@petra.com,695-262-1808 x892
40248,Zane Pagac,zane21@willow.org,633.769.2925
78702,Isaias Hettinger,isaias.hettinger82@clara.biz,945.523.2619 x9366
24012,Benny Gulgowski,benny_gulgowski58@deven.info,545-623-6197 x9684
4524,Carleton Stehr,carleton.stehr14@norval.com,1-744-826-0376
10651,Annabelle Kautzer,annabelle_kautzer@daisy.com,413-281-3455 x10491
96830,Brendan Metz,brendan49@jarrell.biz,1-489-606-8792
11385,Kristofer Kub,kristofer.kub@arlene.biz,1-930-605-5711
3563,Ewald D'Amore,ewald_damore91@benton.biz,303-219-2837 x04009
70552,Leopoldo Schulist,leopoldo_schulist84@dejuan.org,1-788-348-3748 x159
28195,Jordon Jacobi,jordon_jacobi6@layne.net,1-970-328-6254 x13118
11393,Wilfredo Conn,wilfredo.conn27@issac.biz,(370) 999-0682
21314,Ransom Funk,ransom.funk13@eloisa.info,1-630-393-1700 x0400
75548,Michale Thiel,michale92@ruby.net,975-203-1771 x148
2141,Nico Mohr,nico.mohr@sibyl.biz,662.903.8237 x1052
88213,Katarina Muller,katarina64@patricia.biz,(687) 885-5367
62292,Trevor Goldner,trevor.goldner39@tony.org,419.311.9450 x16813
24251,Buck Yundt,buck16@meghan.org,1-481-275-4760
37720,Gregoria Ledner,gregoria22@blair.info,1-370-796-8838
53044,Elsie Grimes,elsie16@alf.name,346-833-6305 x9798
97628,Mikel Grimes,mikel.grimes84@stanford.com,943.329.5510
4638,Hope Nikolaus,hope47@elinore.org,261-371-1067 x768
37768,Stephania Raynor,stephania.raynor26@bella.info,810.257.3079
98511,Hailie Parker,hailie.parker@humberto.org,783.361.4336
21832,Pearline Dietrich,pearline83@marianne.info,449.296.3009
3758,Melody Schiller,melody_schiller74@greyson.info,1-728-920-2867 x4208
94634,Oswaldo Hahn,oswaldo_hahn@jerry.name,862.458.7403
95407,Hanna Emard,hanna53@efren.name,592-692-1162
2602,Norbert Streich,norbert.streich@gina.com,(459) 726-3718 x08343
4169,Don Maggio,don46@daija.com,748.931.0250 x807
99495,Angelica Ziemann,angelica19@noelia.name,240.428.3566 x0605
92895,Akeem Haley,akeem.haley@hobart.biz,371.528.9467 x0267
80173,Janick Anderson,janick_anderson@denis.info,1-409-857-3467 x5557
60020,Kacie Crona,kacie.crona@tad.name,387-712-9277 x50818
62932,Breana Hyatt,breana_hyatt@sarai.name,973.670.3793 x96970
59916,Gudrun Kerluke,gudrun_kerluke@gay.net,931.262.2540 x584
20368,Zander Bernhard,zander.bernhard29@ruth.name,(325) 864-9140 x744
47526,Kris Farrell,kris10@earnestine.org,1-801-415-5504
75171,Ansley Hegmann,ansley.hegmann39@paige.org,279-367-4845 x628
32831,Annabell Skiles,annabell.skiles@ronny.org,1-962-613-7001
83866,Haven Von,haven.von73@gianni.com,1-387-911-7684 x1404
13810,Nathen Legros,nathen.legros@reggie.biz,551.972.9806
6656,Rossie Bernier,rossie.bernier@remington.org,1-785-846-0937 x4933
38684,Rhett Tremblay,rhett.tremblay67@pansy.info,1-773-616-4719
7961,Pietro Wolf,pietro_wolf@johnathon.info,1-508-567-0699 x09428
6852,Ivah Altenwerth,ivah_altenwerth@emily.org,385.771.0495 x747
33658,Lorenzo Kub,lorenzo_kub@kirk.biz,514-932-4273 x201
38194,Emile Mills,emile.mills3@kamille.biz,1-355-750-7394 x1617
66170,Antonina Kuhic,antonina.kuhic55@kyleigh.name,(969) 808-4025
7596,Blanca Wunsch,blanca25@nikita.net,732-795-2225 x059
81766,Scarlett Braun,scarlett_braun81@jayne.biz,370-851-6578 x858
16280,Thad Hansen,thad_hansen@obie.name,236.846.9619
62986,Sierra Rogahn,sierra.rogahn@bryon.com,677.328.5275 x62536
73301,Stevie Nikolaus,stevie67@cornell.biz,(663) 420-1393 x431
19692,Forrest Anderson,forrest_anderson@immanuel.com,242-406-8166 x02037
79818,Rebekah Emard,rebekah.emard13@berniece.info,1-988-624-0586 x878
91991,Isaiah O'Connell,isaiah_oconnell@izaiah.name,1-820-361-6550
38378,Jessika Hamill,jessika.hamill18@shaun.name,(661) 735-5517 x935
88948,Thelma Breitenberg,thelma58@josh.info,326-858-0683
27839,Zion Kirlin,zion68@ernestina.name,(790) 606-2922 x328
75511,Alfreda Nienow,alfreda.nienow71@jade.biz,(871) 756-8898 x81765
78238,Eloise Spinka,eloise57@johnnie.org,1-550-347-8881
19812,Kayli Jacobson,kayli_jacobson61@marty.net,297-335-4290
15064,Florine Gottlieb,florine44@alfonso.org,641-897-5721
39819,Vincenza Yost,vincenza67@dorothy.name,1-454-621-5743 x730
17338,Demario Sauer,demario_sauer55@gardner.com,414-241-7228 x649
52440,Otho Kuphal,otho15@sharon.com,(900) 988-8594 x09007
99211,Amelia Moore,amelia.moore@lucy.name,524-730-7621 x480
1012,Samir Christiansen,samir78@mckenna.biz,(822) 473-9279 x9569
42950,Luther White,luther.white@preston.org,1-821-898-6172 x529
62598,Joyce Senger,joyce_senger@martine.org,798-208-9215 x40198
91387,Danny Dickinson,danny_dickinson56@audrey.org,(686) 206-0996 x431
29885,Keon Predovic,keon20@bertram.com,738.918.4783 x625
27162,Elizabeth O'Kon,elizabeth51@naomie.org,1-916-257-0947
81541,Lysanne Labadie,lysanne6@braulio.biz,1-673-649-0846 x9218
74277,Mustafa Hane,mustafa69@leann.name,(663) 375-6582 x399
7970,Dena Aufderhar,dena.aufderhar@jules.info,1-413-243-8504 x37951
48945,Elena MacGyver,elena_macgyver20@barry.net,1-465-948-3699 x1905
37944,Emmet Smith,emmet_smith30@johathan.biz,1-269-221-5442 x7652
35778,Leta Greenholt,leta_greenholt80@charlotte.com,(226) 849-1122
4993,Else Kreiger,else_kreiger@audrey.info,883.707.5810
13099,Flossie Parisian,flossie_parisian78@abelardo.net,400-339-8228 x21433
10067,Enrico Smith,enrico.smith@gustave.name,1-291-893-9213 x032
42673,Carissa Jacobi,carissa_jacobi@raquel.biz,611.657.6447
33666,Kelsie Stamm,kelsie_stamm@paris.com,(648) 630-3848 x2326
93618,Eldridge Dach,eldridge72@hillard.name,(327) 368-7836
44658,Isaac O'Kon,isaac88@lily.com,1-288-217-2359
77811,Remington Ritchie,remington_ritchie66@emmitt.name,595.300.8452 x2216
66444,Barrett Haag,barrett_haag@murphy.biz,508.760.1125 x41747
99612,Vincenzo Labadie,vincenzo_labadie65@ahmed.org,974.589.7779 x7556
72316,Elliott Lynch,elliott97@zack.com,(978) 453-6879 x01748
64926,Ivah Howell,ivah36@guadalupe.net,1-957-969-0000
56409,Marianna Collier,marianna_collier42@raegan.biz,(738) 399-1630 x1606
34902,Macy Jakubowski,macy13@rachelle.net,1-220-436-3487 x3728
80618,Lon Murray,lon_murray25@arlene.net,576-624-9565 x34704
36482,Maudie Harber,maudie87@prudence.name,1-756-464-5460 x404
76192,Bennett Huels,bennett_huels@melissa.info,1-586-282-4350
1845,Kamron Blanda,kamron.blanda99@sylvia.name,280-998-1395 x935
564,Myles Fay,myles61@leilani.com,1-512-853-7692
40104,Carson Ziemann,carson.ziemann89@gregory.name,749.793.2032 x66296
26830,Savannah Klein,savannah_klein@claire.biz,(817) 916-9391 x087
27239,Judson Schneider,judson_schneider22@lamont.name,658-663-6876
52372,Lorena Koelpin,lorena_koelpin@georgiana.net,628-505-1671 x755
28835,Claude Waelchi,claude6@maiya.name,(569) 505-0250
16195,Clemens Macejkovic,clemens_macejkovic54@foster.biz,(898) 745-0674 x055
88266,Elyssa Anderson,elyssa.anderson@destin.name,530.324.3917 x9666
63653,Rene Runte,rene26@cicero.biz,730.802.1540 x32892
69515,Blaise Mitchell,blaise88@kory.info,(943) 854-8695 x960
30323,Liliane Jakubowski,liliane60@arvilla.name,1-263-951-3825
45420,Mazie VonRueden,mazie_vonrueden51@carmine.name,(635) 822-5581 x9995
26960,Kameron Dicki,kameron_dicki@eliane.biz,779.407.1247
20666,Scottie Hane,scottie_hane77@lavina.org,(640) 996-6605 x169
5701,Curt Breitenberg,curt_breitenberg@hildegard.info,(640) 241-6339 x5616
20318,Adah Klocko,adah16@woodrow.org,1-726-385-2472
38208,Mae McClure,mae38@kallie.biz,555-691-2134 x127
50089,Timothy Huels,timothy.huels0@kavon.info,(921) 945-6832
88017,Lauren Christiansen,lauren59@mona.info,(288) 714-1199 x71736
54030,Hassan Shields,hassan.shields@lauriane.com,1-413-543-7865
12000,Walton Douglas,walton_douglas74@melba.net,1-979-736-9958
81686,Tyra Carter,tyra_carter12@carli.biz,893.459.3175
99892,Felicia Prohaska,felicia.prohaska@kip.com,218-585-3649 x8870
7061,Bria Mraz,bria.mraz84@lue.org,1-897-476-2318 x90654
37441,Dudley Hartmann,dudley_hartmann@ryder.com,(446) 586-6027 x5123
12035,Jabari Bartell,jabari62@clara.org,1-885-700-7480 x7854
32757,Scot Smitham,scot.smitham52@ofelia.info,(400) 218-9996 x803
85095,Donnie VonRueden,donnie68@pearlie.info,279-515-2282 x438
49254,Armani Considine,armani82@jaron.com,1-969-448-4881 x0759
78086,Joanie Bahringer,joanie_bahringer@maribel.org,897.378.3975
94470,Tianna Terry,tianna.terry@heather.com,1-764-505-0962 x58337
27406,Esta Hahn,esta.hahn4@lucio.name,237-249-2890 x770
92324,Aylin Von,aylin_von60@marilyne.name,(960) 819-6640
217,Arturo Wisoky,arturo.wisoky@noel.biz,897.293.3640
29735,Chasity Koelpin,chasity55@donnie.biz,1-719-740-8285
89330,Alva Hodkiewicz,alva.hodkiewicz@jevon.name,1-600-738-6266
94938,Colton McLaughlin,colton_mclaughlin@isabella.com,982-468-6573 x0182
18279,Roma Farrell,roma.farrell@izabella.name,352-745-9177 x4955
937,Elissa Klocko,elissa_klocko@kaci.org,779.516.5031
86607,Dewayne Willms,dewayne.willms73@elnora.net,681.478.5197 x336
44752,Margot Rippin,margot3@cruz.biz,1-421-678-2798
94318,Arturo Becker,arturo_becker@rita.net,735-692-8435 x96490
69214,Rosendo Ullrich,rosendo_ullrich34@stan.net,894.889.6578 x58496
55375,Alexandro Carter,alexandro75@jamaal.biz,1-932-853-3876 x692
26088,Waldo Schuster,waldo29@dante.info,716-581-9785 x8398
64446,Fern Borer,fern_borer@ceasar.com,320-539-0470
12922,Makayla Stokes,makayla_stokes@eden.info,1-921-802-2116 x77444
75932,John Oberbrunner,john_oberbrunner13@ryder.info,241-250-2219 x8582
28075,Cristina Leannon,cristina_leannon@albin.biz,577-270-2966
42540,Gustave Champlin,gustave.champlin@gonzalo.org,511-937-0199 x1977
10891,Meta Bernier,meta.bernier@diamond.org,1-238-258-4547
48880,Adrian Mann,adrian.mann97@hobart.biz,1-910-695-4327 x6032
66486,Maryse Shanahan,maryse.shanahan43@keegan.net,481-545-2284 x9203
5886,Fanny Pfannerstill,fanny26@monty.org,(431) 657-3312 x79945
54626,Cecilia Hermiston,cecilia.hermiston@marisol.net,700.550.6287
31502,Hayley Rogahn,hayley_rogahn55@lukas.com,669.567.0158 x33038
62461,Wilhelm Schroeder,wilhelm51@destini.biz,998-714-2341 x8417
51165,Monserrate Kreiger,monserrate_kreiger17@jaqueline.net,441.359.0119 x98670
32229,Tommie Abshire,tommie_abshire@lora.biz,897.480.4720 x7174
83252,Terry Hills,terry22@twila.net,1-447-955-5485
2511,Juvenal Stokes,juvenal.stokes@alessia.name,1-464-626-3255 x725
92733,Jordan D'Amore,jordan75@bernard.net,208.864.2771
3851,Noemy Doyle,noemy29@jarrod.org,541-344-1225 x8888
98116,Al Conroy,al.conroy4@tito.biz,1-794-486-4795 x6884
52455,Rosa Gottlieb,rosa_gottlieb32@heather.name,848-494-9512 x955
6501,Thora Cummings,thora.cummings@julio.com,648-783-5881 x51744
10008,Dorcas Reichert,dorcas57@johann.com,(714) 373-7747 x7734
99679,Mateo Steuber,mateo21@jaden.name,850.481.3936
33625,Reagan Beahan,reagan36@jazmin.info,377-430-5916
361,Suzanne Jacobi,suzanne96@kyleigh.biz,611.898.3338
81272,Jordon Jacobson,jordon6@damien.com,1-967-791-4622 x58746
71105,Manuel Lakin,manuel86@pierre.info,301-636-2134 x657
95653,Kayden Kshlerin,kayden48@dallin.name,1-514-519-4901
28777,Leann Hirthe,leann_hirthe@elfrieda.info,(789) 594-5200 x777
88356,Genoveva Boyle,genoveva.boyle81@timothy.info,308.357.9566 x96958
97448,Rubie Hayes,rubie.hayes@troy.com,908-378-3370 x34362
4428,Hank Botsford,hank.botsford@norwood.org,969.692.3210 x263
24039,Reggie Johnston,reggie_johnston35@leonor.biz,357.633.0514 x517
41539,Mireya Gutkowski,mireya89@jillian.name,1-880-309-8403 x62978
18758,Alfred Jones,alfred.jones@monte.net,378-695-1969 x4616
93514,Kaleb Predovic,kaleb_predovic@alvera.biz,597.396.0670 x010
69329,Roman Waters,roman.waters@alayna.org,614.788.5778
25386,Kip Grady,kip7@ofelia.info,(443) 974-5155
95249,Alexander Ortiz,alexander_ortiz@tierra.com,(545) 328-5047
88365,Coty Gulgowski,coty92@antonio.name,1-542-920-1452
21154,Hayley Franecki,hayley_franecki27@trenton.com,913.384.1892 x3760
60041,Terry Hyatt,terry.hyatt@madelyn.com,(569) 308-2062 x681
79116,Jana Harvey,jana_harvey@hilbert.net,(761) 204-9540
96877,Shaun Greenholt,shaun_greenholt94@jarred.name,(765) 817-4443 x225
82953,Breana Windler,breana30@rosamond.name,(680) 899-0623
33581,Agnes Zboncak,agnes.zboncak29@vernice.info,1-808-210-4586 x395
13432,Taurean Strosin,taurean_strosin50@wellington.info,1-250-909-9688
19604,Jacinto Wunsch,jacinto_wunsch@gaston.name,844.244.4730 x06789
22941,Landen Mueller,landen_mueller@domenico.net,(977) 488-2849 x5201
62102,Albertha Ortiz,albertha4@antonetta.biz,637-725-4741
10772,Savannah Mertz,savannah73@afton.net,(363) 653-6629 x373
4682,Ruth Kovacek,ruth_kovacek@audrey.name,1-794-508-4822
8829,Edwina Johnson,edwina_johnson3@melba.com,434-651-7974 x343
48292,Diego Conn,diego_conn86@nayeli.org,(513) 313-8188
70181,Bartholome Metz,bartholome.metz@sim.biz,1-603-474-1443
58044,Vincenzo Bergstrom,vincenzo_bergstrom41@kyra.com,1-499-837-5669
24777,Jeffrey Fadel,jeffrey_fadel85@freddy.net,275-961-5444 x33795
92547,Hassan Schmidt,hassan.schmidt72@jakob.org,(395) 340-7820
46267,Noe Dare,noe_dare15@katelin.biz,447.674.2950
64696,Jaclyn Cremin,jaclyn.cremin@melyna.org,1-589-913-0162
85665,Al Wiegand,al.wiegand4@keegan.com,988-666-2055 x90915
84719,Gerson Dooley,gerson_dooley76@schuyler.info,578-339-8085
80161,Kelvin Gislason,kelvin.gislason70@aidan.biz,1-460-421-8609
74084,Melody Murphy,melody_murphy@antonietta.name,824.765.7835
66723,Frank Wilderman,frank40@delphia.com,776.586.7814 x0568
3060,Amparo O'Reilly,amparo.oreilly23@patience.biz,535-283-5953 x479
2638,Melyna Swaniawski,melyna17@eliseo.info,1-538-499-6777 x1781
32675,Dakota Bogisich,dakota72@hassie.com,(402) 865-2182
19130,Donald Hickle,donald_hickle@theodore.org,662.257.8490
99098,Maye Marks,maye.marks@keira.org,1-930-248-9224 x96211
97048,Cody Kassulke,cody.kassulke@cynthia.org,(526) 584-7155
44889,Kamren Pfannerstill,kamren_pfannerstill83@vivienne.name,813.777.8825 x27212
59413,Alfonzo Sanford,alfonzo91@claud.name,1-217-296-0910
85863,Tad Bauch,tad16@domenick.com,(693) 592-5541 x658
71723,Ophelia Zieme,ophelia35@ruthe.info,782.674.9269 x7857
48359,Elbert McLaughlin,elbert_mclaughlin4@daron.com,207.835.1955
41150,Krystina Gerlach,krystina_gerlach3@kristy.name,1-516-996-1171 x623
63334,Kiera McGlynn,kiera.mcglynn8@isidro.biz,923.589.4414
58563,Keeley Gaylord,keeley61@sienna.info,795-830-3908 x9340
6352,Carlo Nicolas,carlo.nicolas75@rodrigo.name,(916) 471-0652
44395,Marjorie Bruen,marjorie19@josefa.com,1-961-794-6804 x35546
45679,Keyon Bayer,keyon_bayer@kamille.net,(857) 572-6844 x9837
80999,Frieda Haag,frieda87@toby.name,1-772-960-7690 x725
71319,Sigurd Langosh,sigurd_langosh50@leanne.info,1-907-958-8558
65591,Guiseppe Vandervort,guiseppe91@cristian.biz,623.543.2891
56319,Taurean Crona,taurean_crona@jedidiah.biz,1-266-473-9153 x4748
39128,Garett Fritsch,garett.fritsch@candelario.info,946.629.8784 x1903
99067,Karelle Hermann,karelle_hermann94@kelsie.name,1-260-421-4674 x9382
4350,Oceane Reinger,oceane.reinger74@jorge.info,378.800.3216 x304
58844,Lempi Sauer,lempi.sauer@dino.org,567-849-6112
67723,Elfrieda Nitzsche,elfrieda87@paige.org,869-559-7483
38581,Janick Leuschke,janick.leuschke36@hannah.net,(238) 610-4097
85317,Vince Feeney,vince_feeney@denis.info,745.611.1199
38427,King Barrows,king57@natalia.net,547-333-4851 x75779
78867,Gerda Armstrong,gerda.armstrong19@felicita.name,698.565.2273
28258,Holden Barton,holden_barton70@adolfo.net,620.680.2986 x435
76485,Ada Sporer,ada.sporer39@jamey.org,466-220-2093
51406,Ashlee Rowe,ashlee_rowe@braxton.info,667-873-5222 x8057
12039,Moriah Runolfsdottir,moriah53@burdette.org,671-488-1153
25402,Antonina Wehner,antonina73@eunice.net,1-253-765-2178 x8743
65729,Briana Botsford,briana.botsford@bette.org,705-652-8094
72985,Leonor Moore,leonor.moore86@tevin.biz,607-414-5108 x62971
49994,Linnea Ebert,linnea_ebert28@kendall.biz,1-565-249-5755 x094
9701,Ivy Roberts,ivy_roberts@jerad.net,999-424-4631 x380
92696,Beulah Kshlerin,beulah91@ruben.biz,321.845.3618 x445
94288,Ayla Stroman,ayla30@wyman.name,1-256-430-2128
99965,Marcellus Altenwerth,marcellus57@anissa.info,(314) 452-1517 x904
7288,Donavon Padberg,donavon_padberg@wilber.info,1-521-259-4212 x59248
25381,Imani Keeling,imani_keeling@gabriel.org,1-664-647-6630
29317,Jacquelyn Breitenberg,jacquelyn_breitenberg@javonte.name,428-496-9219 x635
20635,Eloisa Ortiz,eloisa48@brock.biz,(592) 419-5804
70390,Chaim Dibbert,chaim_dibbert@archibald.org,934-592-7505 x34376
41856,Genoveva Ernser,genoveva49@hank.name,1-575-348-4725 x2370
27930,Harry Tromp,harry_tromp72@kirsten.name,(418) 815-2604 x519
91141,Ashlee Wehner,ashlee.wehner21@cecilia.info,1-371-778-3525 x3403
40752,Hudson Kuvalis,hudson_kuvalis@niko.biz,1-564-512-6508 x0601
59433,Taryn Bogisich,taryn_bogisich@elisha.name,1-912-510-4837 x9083
80529,Arnaldo Baumbach,arnaldo_baumbach@clemens.org,1-346-749-5825 x9735
22827,Fritz Hilll,fritz.hilll18@delmer.com,826.838.3907
29757,Norval Kuhn,norval43@wanda.org,931-556-4113 x4350
199,Ignacio Gleason,ignacio1@arnold.org,629-850-5681 x733
12649,Tristian Pollich,tristian.pollich@unique.net,392.518.8130
9429,Luther Jerde,luther.jerde80@pearl.info,(557) 842-0440 x864
69334,Guy Predovic,guy_predovic99@catalina.info,922.882.5716 x7893
77446,Laila Bogisich,laila_bogisich95@juvenal.net,1-460-853-3899 x1000
31539,Libbie Gulgowski,libbie16@quinton.com,(428) 324-2531
92305,Randy Bergnaum,randy_bergnaum@kelley.org,699.324.1013 x35105
71019,Kellie Lemke,kellie_lemke53@jabari.org,642.235.6537 x7213
75549,Avis Schoen,avis66@larissa.name,1-384-685-5162 x347
33298,Ona Metz,ona.metz87@finn.org,896.960.4634 x0157
15079,Elody Mosciski,elody.mosciski48@lenora.org,928-903-0453 x223
12341,Dandre Miller,dandre.miller94@wilfrid.org,957.265.2328
93497,Joanny West,joanny.west@patsy.org,517-454-1456 x28478
76537,Brody Lebsack,brody.lebsack@harold.com,336.759.6654 x918
33767,Kevon Lebsack,kevon_lebsack@maribel.biz,1-403-637-7733
66236,Trevion Mayer,trevion.mayer@jose.org,1-801-879-5598
250,Luella Conn,luella.conn@efrain.name,1-221-455-6242 x22537
39789,Loyce Bruen,loyce.bruen97@emmet.net,467-525-3033 x14856
16067,Sonia Stiedemann,sonia_stiedemann@ibrahim.biz,761.652.8746
28985,King Muller,king_muller62@daisy.biz,582.861.1158 x90953
92191,Otha Marquardt,otha_marquardt90@salvatore.com,912-482-0014 x135
59629,Adah Greenholt,adah_greenholt46@jeromy.com,745-945-6705
3838,Savannah Wilkinson,savannah25@demarco.biz,280.916.6005
60294,Brett Oberbrunner,brett96@nayeli.org,406.597.8953 x6198
12445,Amiya McDermott,amiya54@ardella.net,664-489-1605 x27224
25047,Grover Gutmann,grover_gutmann38@karelle.net,827.704.7971 x64509
63469,Winona Weber,winona_weber@april.net,362.368.2890 x92846
38638,Torrey Bruen,torrey.bruen@antonette.net,(412) 278-2146
65236,Providenci Gorczany,providenci83@eugene.biz,(413) 246-9251 x918
8823,Demond Osinski,demond41@remington.net,1-976-640-6608 x6271
20228,Wilburn Kuhlman,wilburn73@robin.org,942-360-5059
68994,Franco Gleichner,franco_gleichner21@isidro.info,(857) 630-2566 x4752
26918,Monserrate Volkman,monserrate72@christy.biz,933.560.1543 x629
3385,Duncan Durgan,duncan.durgan@jacques.com,983.731.2892 x4899
76664,Braxton Harris,braxton.harris57@marco.net,(509) 421-3218
88543,Danial Kirlin,danial.kirlin@assunta.info,(290) 373-6567
79998,Wilford Stehr,wilford.stehr@rod.name,1-859-599-6160 x67878
37248,Derrick O'Conner,derrick93@casey.net,299-675-7445 x2749
66076,Einar Kuhic,einar.kuhic@micah.com,542-791-9889
15055,Dock Schuster,dock86@noelia.biz,231-561-3347 x138
84559,Ross Kovacek,ross72@enola.biz,232-716-5845
90798,Pat Kutch,pat.kutch@santos.com,841-901-8797
22490,Jamal Gerhold,jamal9@chesley.com,529-995-1103 x57251
82325,Sasha Runolfsson,sasha_runolfsson@lacy.org,610-743-1554
55201,Destinee Welch,destinee_welch@celestino.net,(933) 692-2157 x501
5016,Maybelle Predovic,maybelle.predovic80@vergie.biz,(717) 253-2554 x801
95286,Amara Bartell,amara_bartell@jordyn.biz,629.286.9254 x490
70469,Maida Stark,maida83@marge.com,430-680-5867
637,Felipa Murphy,felipa.murphy@selena.info,237.902.0097 x6505
1727,Jerrold Ferry,jerrold_ferry84@patrick.net,200-711-0615 x477
73610,Abdullah Baumbach,abdullah_baumbach@lennie.com,(461) 291-9162 x58831
28151,Josefa Hayes,josefa_hayes9@damian.org,(318) 502-6453
72430,Roberta DuBuque,roberta_dubuque@joan.name,(259) 972-9042
32149,Virginia Kulas,virginia.kulas47@trent.net,444.530.9632 x73942
1926,Keeley Wilderman,keeley_wilderman69@candida.net,1-356-547-8802 x9624
87058,Ari Bartoletti,ari_bartoletti30@abdullah.com,345.293.1758 x855
9193,Hillary Bradtke,hillary_bradtke@bridget.org,1-948-393-5576
46647,Geoffrey Stroman,geoffrey24@wilfredo.name,(259) 403-5207 x418
97540,Filomena Spinka,filomena.spinka60@marcus.com,1-979-373-5558 x46784
81449,Henry Waters,henry87@isai.name,945.996.1111 x791
36929,Okey Feest,okey57@estevan.biz,203-260-7017 x883
30293,Tanner Macejkovic,tanner8@opal.biz,(259) 582-5427 x344
93259,Cornelius Heathcote,cornelius_heathcote@alec.com,204.511.9563
13307,Kaya Kuhn,kaya.kuhn21@rowena.org,1-879-486-7865
77248,Jerry Hilll,jerry67@lenna.biz,(972) 382-4890 x064
11008,Vince Wunsch,vince_wunsch@lizzie.name,1-368-743-1126 x5913
80670,D'angelo Heathcote,dangelo.heathcote62@eric.biz,747-779-7522
3305,Ericka Ortiz,ericka_ortiz2@agustina.net,937.495.1126 x0710
74437,Javonte Heaney,javonte_heaney90@rolando.org,1-493-324-6434
83203,Elton Hyatt,elton.hyatt31@sarina.name,1-807-425-3082
94549,Kiarra Hoeger,kiarra76@kaylee.name,398-801-2125 x8045
7153,Bell Runolfsson,bell3@rusty.biz,528-336-7854
96116,Jackie Pacocha,jackie_pacocha@darrion.name,939-220-4468 x720
26749,Skyla Conroy,skyla.conroy85@keaton.biz,(944) 210-1694
53086,Shaniya Cartwright,shaniya16@kaylin.info,964-416-1685
68507,Everardo Parisian,everardo85@gwendolyn.com,1-729-598-8300 x18402
81291,Ricky Tillman,ricky_tillman41@ova.biz,(414) 855-2761
77792,Kaleb Mraz,kaleb62@guy.biz,919-835-1524 x1034
82554,Camron Dickinson,camron.dickinson37@estefania.biz,843.731.0372 x9657
37246,Cecil Jerde,cecil.jerde47@ansley.org,581.455.8021
35951,Zelma Towne,zelma78@jodie.net,384.489.2787 x263
54181,Kade Kshlerin,kade.kshlerin@lavinia.info,691-988-5058
75934,Madge Murazik,madge.murazik36@grayce.org,302.485.6699
77079,Jerrell Ondricka,jerrell52@alexander.name,1-885-387-9027
57604,Wellington Braun,wellington73@amelia.org,(834) 205-9918 x9936
401,Jeffrey Nitzsche,jeffrey_nitzsche80@virginia.com,(496) 560-7598 x149
51670,Finn Cummerata,finn93@everette.net,960-534-8519 x1809
95429,Kaley Ebert,kaley_ebert@earline.net,1-792-266-2060 x63890
8336,Nathanael Hettinger,nathanael49@otho.biz,515.842.2146
6016,Gertrude Bahringer,gertrude38@lincoln.biz,1-612-317-3668
19880,Ibrahim Green,ibrahim95@isabell.org,822.959.4564 x3011
31046,Idella Blick,idella19@carter.biz,635.815.6176 x5210
35415,Kenneth Morissette,kenneth.morissette89@carlotta.name,660.663.5380 x2648
2663,Jayson Reichel,jayson.reichel@toney.com,950.202.2903
93384,Shanna Feest,shanna_feest82@uriel.name,962-835-3369
36369,Jerad Barton,jerad_barton@sarai.com,1-581-412-1368 x83246
9829,Lorine Pagac,lorine_pagac@lois.info,1-655-556-1761
21584,Reanna Murazik,reanna22@roscoe.info,(229) 498-9213 x7758
85868,Telly Torphy,telly44@weldon.net,1-732-334-3825 x057
93509,Maiya Blick,maiya11@gillian.org,1-657-511-2702 x791
89790,Sharon Blick,sharon.blick20@brandi.biz,1-280-349-2532 x349
31412,Rene Hane,rene23@orlando.org,(241) 295-6009
55954,Rodrigo Bogisich,rodrigo_bogisich3@deshaun.org,966.342.5642
74320,Claudie Hammes,claudie68@jay.name,(856) 847-8951
46897,Al Haley,al_haley@ottilie.org,469.649.0448 x29178
92396,Mike Mosciski,mike74@blake.biz,742-598-6679
74580,Arianna Stokes,arianna_stokes34@tobin.net,682-605-2514 x519
30413,Angus Runte,angus66@ola.org,(521) 542-5360 x3158
1499,Julianne Marquardt,julianne.marquardt64@keeley.net,1-460-559-5175
60511,Sally Collins,sally_collins@jacinto.com,(978) 728-2639
38467,Paige D'Amore,paige_damore38@mose.info,(684) 644-1617
96846,Sonia Bartell,sonia19@oren.com,425-216-1319 x29902
30203,Jay O'Conner,jay_oconner20@esmeralda.biz,1-336-699-4475 x373
83274,Layla Hills,layla1@diamond.biz,216.248.7569 x099
91066,Dakota Gleason,dakota.gleason96@celestino.net,(376) 624-0933
60438,Eloy Roberts,eloy.roberts53@gregory.biz,1-589-582-1498 x52939
21073,Myrtie O'Hara,myrtie.ohara30@amparo.name,284-711-5511 x044
4933,Anibal Swift,anibal_swift@norval.net,1-354-390-0444 x9061
24354,Bridgette Olson,bridgette94@emma.net,(817) 858-1034 x24620
19155,Felix Lang,felix88@maiya.info,(391) 863-8700 x28506
48160,Kenton Hermiston,kenton81@francisca.name,(358) 350-8212 x86851
51614,Lilian Graham,lilian_graham71@daren.biz,624.265.9152 x2991
72974,Gunnar Schinner,gunnar_schinner15@evie.net,265.979.7384 x156
31053,Rosario Emmerich,rosario.emmerich@luella.org,(455) 466-5623 x5650
86122,Roslyn Toy,roslyn.toy97@ole.biz,491-277-1287 x6287
24030,Grady O'Kon,grady84@aglae.biz,796-699-8118 x08076
13268,Olin Torphy,olin.torphy4@joesph.net,974.324.9874 x30936
23006,Wilhelm Hermann,wilhelm62@xavier.info,(594) 542-8320 x7826
4983,Milan Upton,milan.upton@ruben.info,343.351.6040 x97446
92911,Nola Moore,nola.moore@quinten.name,1-997-512-4874
53171,Jerod Collier,jerod18@lilyan.info,1-856-766-6646 x7201
51382,Lavinia Wehner,lavinia_wehner91@elias.org,388-978-6763 x80098
99848,Haven Paucek,haven64@alysson.org,599.662.9095
26247,Anahi Braun,anahi12@ezequiel.info,(830) 229-9004 x843
35108,Elisha Turner,elisha.turner@juliana.org,442-644-6815 x2938
60457,Sabina Rempel,sabina.rempel@roosevelt.com,(506) 310-5596
75680,Theron Kihn,theron_kihn4@damion.biz,1-461-987-0856 x3044
19632,Sigmund Gutkowski,sigmund_gutkowski@cordie.biz,(533) 388-5371
10163,Sibyl Brown,sibyl19@arnaldo.info,849.266.5264
74472,Marcelo Bartoletti,marcelo_bartoletti80@maxie.net,879.330.4257
96373,Alta Koch,alta2@casimir.org,(490) 301-8356
91561,Ivy Doyle,ivy.doyle@leta.biz,(796) 207-4338 x9553
76952,Elisa Nolan,elisa_nolan45@brant.com,(299) 236-4178
67549,Brannon Vandervort,brannon.vandervort31@kathryn.biz,(964) 621-3831 x11368
86581,Everardo Considine,everardo.considine93@tierra.net,825.745.0222 x62178
20776,Abelardo Torp,abelardo43@florencio.biz,249.803.1541
91870,Lilla Gulgowski,lilla_gulgowski56@enrique.name,(402) 772-8154
61283,Reynold Nitzsche,reynold_nitzsche21@martin.info,1-478-540-0900 x4825
54957,Archibald Brekke,archibald.brekke@kaylee.com,(475) 667-2565 x7261
74348,Kariane Murazik,kariane.murazik10@danny.com,347-528-6053 x785
2645,Noelia Brown,noelia48@rosa.info,931.694.8171
96661,Janice Maggio,janice_maggio@tatyana.info,(512) 875-7747
81363,Jamal Bechtelar,jamal99@mackenzie.org,1-488-743-3917 x591
7297,Rocky McClure,rocky_mcclure@ruthie.com,(993) 324-8273
76642,Bianka Dare,bianka_dare@aaron.net,975-741-3166 x7241
3094,Vena Heaney,vena19@clemmie.biz,1-268-395-6049
47396,Delores Okuneva,delores81@hank.info,1-288-868-8398
46025,Jeanette Dooley,jeanette_dooley68@kianna.org,(543) 457-6960 x721
75951,Angelo Crooks,angelo_crooks30@kory.net,(293) 317-8407
13866,Elise White,elise78@maybelle.org,(499) 970-0745 x6875
11444,Alejandrin Schaden,alejandrin85@laron.net,(959) 494-8029
16020,Annamarie Mayer,annamarie_mayer16@adolph.name,(630) 974-8870 x404
49342,Jennings Muller,jennings19@april.org,1-907-918-7446
36097,Mariane Emard,mariane41@destini.name,1-324-537-6655 x2269
59155,Clifton Jaskolski,clifton9@nick.com,616-610-0287 x903
77004,Alice Schaden,alice.schaden@elmore.net,298-433-9176
95206,Ben Rice,ben.rice24@zakary.name,270-764-8325 x92739
16121,Delmer Brakus,delmer.brakus@albina.net,1-865-347-1182
65514,Blanca West,blanca.west@jeromy.net,(633) 245-4653
68725,Conor Runolfsdottir,conor70@sister.com,553.929.2997 x76999
95174,Hulda Larkin,hulda_larkin@marlen.biz,(395) 658-7153 x02199
44342,Chaz Kerluke,chaz.kerluke27@helen.net,1-780-738-2750
68935,Lea Prohaska,lea.prohaska59@reece.biz,696-212-0399 x33877
83629,Liliane Heidenreich,liliane_heidenreich@giovani.net,822.293.9466 x3607
9341,Anissa Klein,anissa55@roberto.name,241.732.7897 x4939
97155,Frank Predovic,frank_predovic78@gretchen.com,(948) 852-2129
78564,Marlon Satterfield,marlon_satterfield@bessie.name,(389) 815-7582 x95574
48063,Sylvia Cummerata,sylvia.cummerata@shaina.net,402.797.6194
70487,Hubert Rau,hubert.rau67@alexandra.net,291-218-9593 x97256
18904,Vada Aufderhar,vada.aufderhar65@torrey.name,354.316.5790
7966,Savanna Harber,savanna_harber72@stephen.name,903-617-0233 x0681
42629,Camron Kunde,camron44@silas.name,354-610-5448
30494,Frieda Von,frieda_von@paris.name,(695) 287-6949 x11296
18609,Elsa Collier,elsa.collier21@telly.net,291-839-3525 x849
25004,Alexandria DuBuque,alexandria_dubuque38@aubrey.org,1-977-259-0878 x884
95114,Darlene MacGyver,darlene.macgyver@gabe.org,527-296-8698 x70601
88769,Maureen Klein,maureen.klein6@johnpaul.name,435-236-3383
76873,Orpha Gutkowski,orpha_gutkowski@kory.biz,812-533-1292
3727,Anais Ledner,anais_ledner16@albin.biz,624.373.9961 x6895
34601,Trudie Wehner,trudie.wehner@eliseo.info,(559) 304-8289 x74714
29738,Stefan Hettinger,stefan.hettinger31@deborah.com,683-863-6065 x157
42602,Brennan Aufderhar,brennan_aufderhar@electa.biz,(739) 743-8609
86424,Alessandra O'Reilly,alessandra64@gianni.name,465-469-6586
86261,Aleen Hintz,aleen.hintz@kira.net,(793) 713-3680 x47088
53974,Kayleigh Rice,kayleigh.rice47@berneice.com,(492) 627-3695
58481,Lukas Robel,lukas_robel79@barton.net,331-245-9474
22461,Armando Jakubowski,armando_jakubowski45@estrella.org,781.330.2137 x4476
63405,Matt Konopelski,matt.konopelski57@reed.net,1-750-429-8293
68406,Jayde Roob,jayde35@chance.biz,590.370.5943 x6481
47121,Krystel Walter,krystel1@larissa.com,(247) 291-9523 x84294
7281,Anastacio Wunsch,anastacio.wunsch33@josiane.org,452-819-0720
81713,Ronaldo Gusikowski,ronaldo.gusikowski49@nia.biz,597.842.9490
33387,Dee Schmidt,dee96@lavada.org,282-671-3438 x32848
38830,Elinor Dooley,elinor_dooley@tre.name,1-705-218-4897 x075
57983,Damon Emmerich,damon32@ray.org,444-662-7872
33155,Kay Becker,kay.becker@ruthe.net,1-917-848-2608
23426,Ernesto Schultz,ernesto_schultz72@joesph.org,1-991-528-3302 x5778
97089,Osbaldo Ortiz,osbaldo16@eleanora.com,(215) 822-5284 x31788
92429,Amari Wisozk,amari.wisozk94@eleanore.name,1-707-227-2916 x502
45537,Toney Reinger,toney.reinger43@palma.info,274.615.1494 x672
85655,Maurice Thompson,maurice_thompson@lawrence.com,760.956.3420
34908,Darlene McKenzie,darlene95@janiya.name,458.733.2484 x6718
64671,Lamont Anderson,lamont.anderson0@payton.name,(270) 641-6353 x62460
81532,Ressie Lindgren,ressie_lindgren57@zane.info,(854) 477-2593 x738
89189,Maiya Harber,maiya.harber@emmalee.name,(364) 421-9619 x79204
20508,Helene Marks,helene68@loyce.org,(578) 593-7020
1558,Brian Pacocha,brian.pacocha99@vinnie.com,883.712.0601
62528,Destinee O'Kon,destinee.okon@eileen.com,801.802.3793 x74307
8949,Seamus Sawayn,seamus98@mellie.biz,(614) 961-7981 x1945
50398,Hoyt Langworth,hoyt57@janice.com,777.216.5651 x39118
39839,Murl Rippin,murl.rippin@ashly.org,1-872-789-2053 x847
43869,Lenora Hansen,lenora17@mya.net,1-580-925-7549 x819
39733,Helene Kihn,helene.kihn@augusta.info,(851) 391-6219 x585
55043,Elsie Dickens,elsie_dickens@franz.org,940.363.9426
30883,Mateo Bradtke,mateo_bradtke48@cheyenne.name,1-935-343-1874 x573
29629,Mekhi Lindgren,mekhi73@kenyon.net,897-891-6616
24652,Lexi Kessler,lexi_kessler60@valentin.name,1-370-791-5628
87298,Guiseppe Dach,guiseppe.dach61@geo.biz,709-788-8407
48182,Zoey Mayert,zoey.mayert88@ari.biz,706-883-3504 x614
41476,Anahi Klocko,anahi.klocko52@tristin.com,(960) 345-0565 x7334
90548,Eleanore Pacocha,eleanore13@ericka.name,762.764.1396 x784
39310,Abel Schinner,abel47@tianna.info,1-847-305-1009
29468,Gwendolyn Cassin,gwendolyn.cassin82@cesar.info,1-563-224-4426
25973,Joyce Rohan,joyce69@armani.info,805.983.6844 x0866
94018,Gregoria Purdy,gregoria_purdy@cade.name,469.552.3915
13675,Carley Satterfield,carley.satterfield47@victoria.net,249.932.3267
3200,Stacy Denesik,stacy82@watson.biz,1-443-976-9989 x338
27172,Emerson Wiza,emerson.wiza2@stacy.info,543-620-8478
84496,Ulises Weber,ulises61@damaris.info,860.373.8091
14577,Nelle Jaskolski,nelle_jaskolski@sabryna.net,574-847-5153 x9412
79686,Raina Bruen,raina_bruen66@monserrate.org,238.286.5070
95672,Giles Smith,giles.smith11@margie.biz,1-767-757-1143 x30128
59076,Leatha Graham,leatha32@bessie.org,1-663-207-3472 x9869
74252,Rodger Kuvalis,rodger_kuvalis37@isaac.net,(645) 662-3988
44638,Berta Frami,berta72@osvaldo.com,1-231-303-8700
73456,Delia Ziemann,delia.ziemann@quentin.org,237-819-4239
17137,Chadd Yundt,chadd87@margret.biz,(641) 398-2936 x008
63844,Bonnie Yost,bonnie_yost9@dustin.info,860-260-8548 x7962
32931,Cindy Davis,cindy.davis@aleen.net,486.608.9898
37144,Thad Spencer,thad68@constance.info,1-958-499-8746
17126,Lucienne Schimmel,lucienne30@gladys.biz,415-756-5460
71365,Ibrahim Lueilwitz,ibrahim_lueilwitz50@amir.org,1-471-359-9772 x1509
23008,Celestino Tromp,celestino_tromp@norene.net,(551) 207-3804
14668,Harmon Murazik,harmon88@curtis.biz,1-815-243-3974 x471
99255,Haylee Mayert,haylee_mayert56@hanna.info,1-833-356-7431 x6346
63302,Maritza Wuckert,maritza.wuckert@rodrick.info,(883) 963-8794 x95859
24265,Gisselle O'Keefe,gisselle.okeefe59@kenton.name,1-940-666-2891 x20764
68856,Garrett Kreiger,garrett.kreiger94@clyde.org,(613) 470-1034
39774,Emily Yost,emily92@ernie.com,847-664-8375
98533,Alayna Wunsch,alayna_wunsch@pierce.com,1-643-567-0581 x84064
51065,Kenna Bins,kenna57@shyann.info,1-761-503-2740
25428,John Reilly,john40@jaylen.com,609.227.5538
6530,Maxine Moen,maxine72@dejon.org,827-472-8908 x16793
4249,Savanah Morar,savanah.morar38@general.com,(277) 314-9338 x623
28177,Frances Kerluke,frances.kerluke@charlie.name,950.399.4845
76554,Jamal Mertz,jamal.mertz83@cheyanne.net,324-310-6938 x867
47352,Stanford Wolf,stanford46@wilhelmine.org,284.205.1015 x60082
2847,Chase Hoeger,chase96@madaline.com,844.210.0725
77956,Deja Ziemann,deja.ziemann@ivy.net,(507) 513-1350 x678
79520,Krystina Senger,krystina_senger@reanna.com,525.910.6752 x445
49521,Brigitte Tillman,brigitte_tillman@aracely.name,1-964-923-3735 x493
14424,Bettye Bernier,bettye.bernier@stephon.info,1-355-705-4888 x75421
90202,Gene Mosciski,gene_mosciski@anthony.com,380-419-6956
32510,Javonte Larson,javonte_larson23@abdul.name,1-446-700-8087
63403,Alexandrea Nader,alexandrea_nader@andres.name,(383) 696-2381 x716
85093,Olen Simonis,olen54@elinor.org,(254) 257-1442 x986
82476,Liliane Quigley,liliane16@hillard.name,786-251-3520
81855,Amanda Powlowski,amanda.powlowski13@susanna.com,1-242-774-5896
99983,Drake Legros,drake.legros@marie.name,665.986.8517
61698,Imogene Jacobson,imogene90@sammie.com,923.503.3593
82369,Kaitlyn Moen,kaitlyn_moen@delilah.name,(315) 379-0080
59287,Gustave Friesen,gustave.friesen@deborah.name,(958) 283-2649
54432,Ethel Hammes,ethel_hammes@torrance.com,263-255-1067 x554
94773,Kenya Rath,kenya.rath@earline.net,915.853.5738 x3839
87884,Francesca Fritsch,francesca_fritsch94@grady.biz,208-360-3763 x6744
79483,Camilla Witting,camilla_witting67@kaelyn.com,232.903.4547 x5204
25378,Katrine Shields,katrine62@logan.com,680-789-0107
6915,Vern Effertz,vern.effertz@aric.biz,890-554-7194 x94101
20626,Lenny Becker,lenny63@charlie.net,1-913-542-8840
26638,Brooklyn MacGyver,brooklyn_macgyver@marguerite.com,667-864-7447 x0024
45882,Zetta Feeney,zetta.feeney80@monique.biz,227-302-2997
44329,Micah Smitham,micah_smitham@al.name,(228) 792-7913 x64427
35280,Matilde Torphy,matilde.torphy88@gardner.com,1-807-909-6537 x485
10505,Scottie Pacocha,scottie_pacocha@dangelo.net,(417) 992-2046 x59795
75330,Suzanne Kertzmann,suzanne.kertzmann29@leon.info,(284) 264-3397
38081,Daren White,daren_white@nestor.org,737-902-0518
49466,Thelma Wuckert,thelma84@katheryn.org,(530) 251-5025
91812,Deonte Medhurst,deonte_medhurst@ray.info,(296) 768-2764
30347,Evelyn Kilback,evelyn48@esteban.name,378-387-0754
77941,Sister O'Keefe,sister67@fatima.biz,1-437-628-0508 x27686
90902,Emie Brakus,emie_brakus85@neoma.name,1-712-616-5914 x38071
28854,Vern Strosin,vern.strosin79@rafaela.net,334-323-4871
46959,Dereck Ratke,dereck_ratke@elwyn.name,(713) 916-6768
6492,Audra Schmeler,audra_schmeler84@raven.name,876-209-1048
72081,Gianni Satterfield,gianni.satterfield48@melissa.name,1-950-547-2760 x87027
795,Lolita Flatley,lolita95@samson.com,561.898.9869 x288
16921,Jammie Bayer,jammie.bayer80@alanna.org,962.746.1752
75942,Elsie Senger,elsie_senger24@verna.info,1-888-354-5139 x073
11523,Amelie Volkman,amelie.volkman35@hermann.biz,(710) 720-4963 x093
22686,Nicolas Abernathy,nicolas.abernathy@julio.com,344-417-6349
53333,Jaiden Leffler,jaiden77@abraham.name,599-918-0514 x545
8247,Elbert Schmidt,elbert.schmidt92@josephine.name,1-568-564-1687 x78433
10682,Chanel Spinka,chanel_spinka60@samanta.net,669.423.5682 x709
30098,Eliseo Franecki,eliseo_franecki@dayton.net,692.888.1305 x8121
25454,Maci Tillman,maci_tillman1@lavada.biz,(632) 281-5870 x01969
40144,Holly Witting,holly.witting@lolita.info,(312) 662-3978 x8547
32573,Xzavier Spencer,xzavier22@aditya.com,1-983-834-9128 x7305
33654,Stanley Moen,stanley.moen25@eleazar.biz,(627) 905-5216
54611,Darian D'Amore,darian_damore16@breanne.biz,431-885-0538 x142
69538,Donato Kohler,donato.kohler@christine.com,(755) 900-9070
11656,Mark Becker,mark_becker66@letitia.biz,648-417-6588 x9157
82972,Nicholaus Reichel,nicholaus.reichel52@larry.biz,1-648-303-0670 x54545
75037,Meta Lowe,meta_lowe26@wendell.net,(669) 224-6732
45507,Pascale Heaney,pascale_heaney21@ernestina.info,(971) 753-6239 x0536
33879,Ruby Hirthe,ruby_hirthe46@casey.name,777-776-4535 x719
58582,Salma Rosenbaum,salma.rosenbaum@finn.biz,486.427.7216 x9896
75392,Paxton Nolan,paxton84@keara.biz,(256) 205-9326 x202
13054,Tyrese Hayes,tyrese.hayes@wade.info,1-255-233-9361 x321
87254,Amanda Legros,amanda37@marshall.org,(712) 958-6965 x65077
68781,Lucio Cassin,lucio.cassin@bartholome.biz,1-217-717-8503 x7318
41746,Lori Kshlerin,lori66@stephanie.net,1-980-604-0972 x6153
7301,Malinda Jacobson,malinda83@sam.name,513-807-8947 x20840
40942,Junius Stamm,junius.stamm@kirsten.org,(634) 666-3413
79736,Harley Weissnat,harley_weissnat29@carolyne.org,954-980-5545 x728
30821,Isai Denesik,isai59@josefina.info,382.907.2008 x81110
6104,Georgiana Skiles,georgiana83@marquis.org,1-463-843-9244 x91373
57508,Jody Langworth,jody.langworth@claudia.info,262-514-5549
18574,Nelda Hansen,nelda.hansen62@mellie.biz,(605) 783-5623
87874,Donna Hilll,donna37@cielo.org,486-322-7810
73760,Ofelia Lowe,ofelia.lowe62@kyleigh.net,1-694-927-8582
67941,Yolanda Conroy,yolanda28@brandyn.org,(526) 995-1125 x55489
27541,Maximilian Corkery,maximilian1@aiden.com,1-589-915-6479 x72515
95737,Lilyan Lynch,lilyan_lynch80@hank.info,1-337-875-7603 x032
69145,Lauryn Toy,lauryn.toy53@milo.biz,(213) 868-3346
48974,Chesley Bartell,chesley72@audie.net,586-435-3322 x0670
6672,Scotty Jones,scotty_jones@amina.name,1-973-544-6687
47936,Ryann Nitzsche,ryann.nitzsche@hazle.net,1-474-809-9377
4970,Gwen Romaguera,gwen93@percival.com,537.601.3505
42810,Randall DuBuque,randall_dubuque84@lawrence.net,1-885-537-2361
86298,Nels Auer,nels57@heather.net,1-585-269-1563
27406,Watson O'Hara,watson_ohara@christa.name,1-721-355-4163 x80546
1892,Nigel Barrows,nigel_barrows82@garett.biz,656.928.8861 x7045
51584,Maryam Volkman,maryam_volkman9@joannie.com,219-828-8660 x657
92218,Zetta Purdy,zetta53@magali.name,1-202-546-4023 x992
85960,Sydni Thiel,sydni49@gladys.org,(992) 769-6329
14056,Carlo Nikolaus,carlo_nikolaus76@steve.biz,1-454-212-3381 x9889
95324,Maureen Ondricka,maureen_ondricka34@polly.net,664-249-3574
70504,Micaela Gleason,micaela.gleason73@berry.info,210-960-0583
77817,Nicholaus Stamm,nicholaus.stamm27@tina.info,(691) 879-2422 x317
55910,Madonna Koch,madonna.koch@burley.info,1-391-446-6641 x589
63150,Glenda Wintheiser,glenda42@pearl.com,(747) 488-5827
60514,Arlo Corkery,arlo28@reyes.org,(938) 389-3852 x93591
91708,Anais Hoeger,anais_hoeger90@seth.biz,831.268.2072 x94987
20373,Florian Rice,florian.rice52@wilhelm.biz,1-476-962-6233 x0640
49659,Jamar Reinger,jamar21@katharina.info,831-570-5164 x5639
92883,Lincoln Collier,lincoln78@dariana.name,476-907-0610 x4506
51489,Leola McCullough,leola.mccullough87@colin.info,564-590-7541
13192,Bell Hegmann,bell.hegmann@clotilde.com,333.400.1548 x4178
78604,Roscoe Kuvalis,roscoe.kuvalis@mara.info,(369) 820-6673 x83532
14654,Garth Friesen,garth57@gaston.name,861.365.0699
30950,Stuart Boyer,stuart82@eulah.biz,(399) 978-2283 x2038
160,Erich West,erich.west@else.name,238-319-8759 x46177
